"Keyword";"Volume"
"harmonelo";5000
"probiotika";50000
"střevní mikroflóra";500
"zdravé bakterie";
"prebiotika";5000
"probiotika dr max";5000
"harmonelo recenze";5000
"probiotika pro děti";5000
"probiotika pro miminka";5000
"biopron probiotika";500
"nejlepší probiotika";500
"biogaia probiotika";500
"přírodní probiotika";500
"dr max probiotika";500
"test probiotik 2019";500
"co jsou probiotika";500
"laktobacily dr max";500
"harmonelo probio";500
"probiotika pro kojence";500
"vaginalni probiotika";500
"probiotika antibiotika";50
"probiotika biopron";500
"probiotika v těhotenství";500
"probiotika bez laktozy";500
"antibiotika probiotika";50
"symprove probiotika";500
"probiotika pro ženy";500
"bio kult probiotika";50
"gutpro probiotika";500
"probiotisk";50
"střevní mikroflora";500
"probiotika prebiotika";500
"antibiotika a probiotika";500
"probiotika na zácpu";500
"harmonelo cz";500
"probiotika pro novorozence";500
"harmonelo cena";500
"probiotika biogaia";50
"jak dlouho užívat probiotika";500
"gs superky probiotika";500
"laktobacily pro děti";500
"garden of life probiotika";500
"swiss probiotika";500
"harmonelo produkty";500
"laktera probiotika";500
"harmonelo probio recenze";500
"vegan probiotika";500
"petr ryšávka probiotika";500
"harmonelo flexi";500
"lr probiotika";50
"probiotika pro těhotné";500
"gynimun probiotika";50
"jak užívat probiotika s antibiotiky";500
"probiotika laktobacily";50
"enterol probiotika";500
"dr max laktobacily";500
"probiotika test 2019";50
"probiotika gutpro";500
"test probiotik 2020";500
"laktobacily pro kojence";500
"vivomixx probiotika";50
"linex probiotika";50
"gutpro infant probiotika";500
"benu probiotika";500
"test probiotik dtest";500
"laktobacily forte";50
"probiotika test 2020";50
"laktobacily vs probiotika";500
"probiotika při kojení";500
"jak užívat probiotika";500
"nejlepší probiotika a prebiotika";500
"gs superky";50
"probiotika pro kojence od narození";500
"mikroflóra";50
"nejlepsi probiotika";500
"kvalitní probiotika";500
"laktobacily v těhotenství";500
"gs probiotika";50
"naturevia laktobacily 5";50
"probiotika benu";500
"probiotika nejlepší";50
"probiotika na míru zkušenosti";500
"harmonello";5000
"hylak probiotika";50
"probiotika linex";50
"probiotika heureka";50
"kdy brát probiotika";500
"jaká probiotika jsou nejlepší";50
"probiotika přírodní";500
"daflorn probiotika";50
"prebiotika probiotika";50
"probiotika lr";50
"superky probiotika";50
"harmonelo vitality";50
"harmonelo life";50
"kdy užívat probiotika";50
"probiotika na miru";500
"laktobacily probiotika";50
"aktin probiotika";50
"livsane probiotika";50
"probiotika a antibiotika";50
"linex forte probiotika";50
"test probiotik";50
"lacidofil dr max";50
"domácí probiotika";50
"probiotika enterol";50
"probiotika vs prebiotika";50
"probiotika hylak";50
"probiotika před jídlem";50
"probiotika vivomixx";50
"faecalibacterium prausnitzii probiotika";50
"prirodni probiotika";50
"probiotika pro děti dr max";50
"orální probiotika";500
"probiotika při průjmu";50
"vetom probiotika";50
"probiotika plynatost";50
"probiotika pro kojící matky";50
"prebiotika vs probiotika";50
"harmonelo flexi recenze";50
"ústní probiotika";50
"pro 12 probiotika";50
"nejlepší probiotika pro ženy";50
"superky";50
"biofilmová probiotika";50
"hylak forte probiotika";50
"dětská probiotika";50
"užívání probiotik";50
"oralni probiotika";500
"probiotika pro dospele";500
"gutpro infant pro miminka";50
"laktobacily pro novorozence";50
"co jsou laktobacily";50
"probiotika forte";50
"dlouhodobě užívání probiotik";50
"obnova střevní mikroflory";50
"nejlepší probiotika pro děti";50
"probiotika symprove";50
"lacidofil probiotika";50
"probiotika bio kult";50
"půdní probiotika";50
"probiotika gynimun";50
"probiotika pro dospělé";500
"probioticky krem";50
"probiotika vaginalni";50
"probiotika při antibiotikách";50
"probiotika gutpro infant";50
"puravia probiotika";50
"ryšávka probiotika";50
"tekutá probiotika";50
"probiotika užívání";50
"nejsilnější probiotika";50
"raw probiotika";50
"biopron forte v těhotenství";50
"rosacea probiotika";50
"apotek probiotika";50
"probiotika od narození";50
"probiotika na míru cena";50
"nejlepší probiotika pro miminka";50
"petr ryšávka probiotika na míru";50
"probiotika linex forte";50
"laktobacily bez laktozy";50
"probio24 zkušenosti";50
"probiotika před nebo po jídle";50
"prebiotika dr max";5000
"jak dlouho brát probiotika";50
"probiotika ve stravě";50
"energy probiotika";50
"gymbeam probiotika";50
"k čemu jsou probiotika";50
"probiotika pro 12";50
"na co jsou probiotika";50
"probiotika akce";50
"harmonelo probiotika";50
"probiotika dm drogerie";50
"probiotika biopron premium";50
"biopron pro miminka";50
"jak brát probiotika";50
"obnovení střevní mikroflory";50
"probiotika s vitaminem d";50
"harmonelo probio cena";50
"probiotika gaia";50
"probiotika kdy užívat";50
"biopron pro kojence";50
"probiotika na míru ryšávka";50
"mikroflora ve střevech";50
"probiotika na žaludek";50
"naturevia probiotika";50
"enterina probiotikum";50
"harmonelo bifi";50
"probiotisch dm";
"vitar probiotika";50
"gaia probiotika";50
"jak obnovit střevní mikrofloru";50
"nejlepší probiotika na trhu";50
"probiotika pro kojici zeny";50
"probiotika pro miminko";5000
"probiotika pro kojici matku";50
"probiotika aktin";50
"probiotika bb12";50
"laktobacily 6 a antibiotika";50
"laktobacily pro deti";500
"poševní probiotika";50
"přírodní probiotika pro těhotné";50
"probiotika laktera";50
"probiotika biopron forte";50
"probiotika gymbeam";50
"strevni mikroflora";50
"top probiotika";50
"kvalitni probiotika";500
"probio harmonelo";50
"akuna probiotika";50
"probiotika bez mléka";50
"probiotika bez mléčné bílkoviny";50
"probiotika vetom";50
"v čem jsou probiotika";50
"probiotika multiacidophilus";50
"probiotika miminko";50
"gutpro probiotika pro děti";50
"tyndalizovaná probiotika";50
"now probiotika";50
"veganská probiotika";500
"topnatur probiotika";50
"probiotika gs";50
"probiotika premium";50
"profi lact probiotika";50
"essynbio probiotika";50
"probiotika gs superky";50
"probiotika na antibiotika";50
"probiotika pro deti od 3 let";50
"posevni probiotika";50
"probiotika pro batole";50
"probiotika pro seniory";50
"jak vybrat probiotika";50
"kdy brát probiotika po antibiotikách";50
"rebiomax atb použití";50
"co obsahuje probiotika";50
"probiotika s antibiotiky";50
"probiotika gynekologicke";50
"probiotika 24";50
"probiotika prujem";50
"linex forte v těhotenství";50
"probiotika a prebiotika pro děti";50
"podpora střevní mikroflory";50
"přírodní probiotika a prebiotika";50
"jak dlouho užívat probiotika po antibiotikách";50
"k čemu slouží probiotika";50
"probiotika energy";50
"probiotika na reflux";50
"probiotika pro miminka dr max";50
"just probiotika";50
"probiotika hylak forte";50
"probiotika k čemu slouží";50
"probiotika při užívání antibiotik";50
"probiotika pro děti od 2 let";50
"biopron na zácpu";50
"probiotika pro děti od 1 roku";50
"co jsou probiotika a prebiotika";50
"střevní mikroflora obnova";50
"probiotika jak užívat";50
"probiotika pro kojici";50
"laktobacily při kojení";50
"pilulka probiotika";50
"probiotika naturevia";50
"synbiotika dr max";50
"dětské probiotika";50
"biopron při kojení";50
"garden of life probiotika pro děti";50
"probio24 heureka";50
"produkty harmonelo";50
"probiotika ano nebo ne";50
"nejkvalitnější probiotika";50
"laktobacily 6 v těhotenství";50
"probiotikum biopron";500
"rebiomax atb užívání";50
"probiotika v jídle";50
"sirupy harmonelo";50
"jak užívat laktobacily";50
"prebiotika pro děti";5000
"probiotika sk";50
"favea probiotika";50
"probiotika jak dlouho užívat";50
"biopron premium užívání";50
"dr ohhira probiotika";50
"jak brát probiotika s antibiotiky";50
"probiotika pro děti biopron";50
"užívání probiotik s antibiotiky";50
"individuální probiotika";50
"probiolact dr max";50
"nejlepší probiotika k antibiotikům";50
"škodlivost probiotik";50
"které nemoci způsobují bakterie";50
"gs superky probiotika příbalový leták";50
"česká probiotika";50
"harmonelo sirup";50
"probiotika 50 miliard";50
"probiotika po porodu";50
"forkys probiotika";50
"probiotika pilulka";50
"laktobacily nebo probiotika";50
"symbiolact probiotika";50
"kefír probiotika";50
"probiotika pro děti při průjmu";50
"antibiotika a laktobacily";50
"gutpro pro děti";50
"probio24 cena";50
"probiotika dr max cena";50
"probiotika superky";50
"optibac probiotika";50
"úprava střevní mikroflory";50
"harmonelo kolagen";50
"kdy zaberou probiotika";50
"probiotika 10 miliard";50
"čím nahradit probiotika";50
"harmonelo shop";50
"petr ryšávka dvtv";50
"druhy probiotik";50
"laktobacily a antibiotika";50
"probiotika dr max pro děti";50
"best probiotika";50
"probiotika harmonelo";50
"probiotik premium";50
"probiotika na předpis";50
"valosun probiotika";50
"ecce vita probiotika";50
"sirup harmonelo";50
"bb12 probiotika";50
"enterosolventní probiotika";50
"pro gaia probiotika";50
"probiotika pro kojence dr max";50
